crop_type,soil_moisture_pct,air_temperature_c,relative_humidity_pct,rainfall_last_7d_mm,soil_ph,nitrogen_ppm,phosphorus_ppm,potassium_ppm,pest_pressure_score,growth_stage,ndvi,dt_action,disease_label,watering_interval_days,next_fertilizer_days,recommended_fertilizer_kg_per_ha,pesticide_interval_days,total_growth_days,ideal_temperature_c,ideal_soil_ph,water_need_l_per_week,growth_progress_fraction,estimated_days_elapsed,days_remaining_to_harvest
Maize,63,33.2,60,11.9,7.03,63.0,11.4,49.4,1.5,flowering,0.938,no_action,0,7,30.0,0.0,,120,26,6.8,30,0.7,84,36
Potato,40,18.1,40,6.7,6.84,44.7,19.2,28.3,3.3,seedling,0.782,pesticide,1,5,30.0,0.0,21.0,90,18,5.5,20,0.1,9,81
Rice,52,28.6,44,44.6,7.17,38.7,14.5,84.7,0.5,vegetative,0.652,no_action,1,7,30.0,10.0,,150,28,6.0,50,0.35,52,98
Potato,34,32.3,55,1.6,6.01,36.6,5.2,95.1,3.5,seedling,0.607,pesticide,0,5,30.0,17.0,21.0,90,18,5.5,20,0.1,9,81
Potato,46,27.5,51,13.7,6.05,37.1,26.2,84.1,2.2,vegetative,0.664,no_action,0,5,30.0,14.5,,90,18,5.5,20,0.35,31,59
Wheat,38,33.4,57,9.6,5.62,4.7,38.2,52.6,1.6,vegetative,0.558,fertilize,1,5,3.0,176.5,,140,20,6.5,25,0.35,49,91
Rice,42,23.9,61,16.1,6.85,25.0,17.0,84.0,2.0,vegetative,0.271,no_action,0,5,30.0,75.0,,150,28,6.0,50,0.35,52,98
Rice,51,35.5,68,22.3,7.12,45.2,6.0,110.8,1.9,flowering,1.0,no_action,0,7,30.0,0.0,,150,28,6.0,50,0.7,105,45
Rice,25,40.8,59,13.3,6.87,29.1,0.5,98.2,3.6,vegetative,0.678,pesticide,1,3,30.0,54.5,21.0,150,28,6.0,50,0.35,52,98
Potato,78,24.8,67,0.5,7.84,4.7,17.6,107.3,0.6,flowering,0.722,fertilize,0,14,3.0,176.5,,90,18,5.5,20,0.7,62,28
Maize,22,24.3,61,25.1,6.5,29.1,26.0,73.2,1.0,vegetative,0.64,no_action,0,3,30.0,54.5,,120,26,6.8,30,0.35,42,78
Rice,18,35.7,30,33.3,7.03,60.7,19.8,146.9,3.3,flowering,0.518,pesticide,0,3,30.0,0.0,21.0,150,28,6.0,50,0.7,105,45
Potato,61,36.5,46,12.7,5.63,52.4,15.0,53.0,1.2,mature,0.617,no_action,0,7,30.0,0.0,,90,18,5.5,20,0.9,81,9
Wheat,54,23.9,58,62.3,6.19,28.9,9.1,119.5,3.2,flowering,0.362,pesticide,1,7,30.0,55.5,21.0,140,20,6.5,25,0.7,98,42
Maize,51,24.5,42,17.0,7.06,47.1,4.1,147.3,4.2,flowering,1.0,pesticide,0,7,30.0,0.0,14.0,120,26,6.8,30,0.7,84,36
Wheat,51,25.3,69,20.6,7.18,23.4,23.3,119.2,1.5,seedling,0.428,no_action,0,7,30.0,83.0,,140,20,6.5,25,0.1,14,126
Maize,40,18.9,83,41.2,6.26,0.7,24.1,91.9,2.9,vegetative,0.464,fertilize,1,5,3.0,196.5,,120,26,6.8,30,0.35,42,78
Potato,24,21.5,78,27.0,6.44,13.4,0.5,78.9,0.5,mature,0.571,fertilize,1,3,7.0,133.0,,90,18,5.5,20,0.9,81,9
Tomato,41,21.0,57,48.6,5.29,58.1,30.9,141.4,3.0,seedling,0.882,no_action,0,5,30.0,0.0,21.0,110,25,6.2,35,0.1,11,99
Maize,28,22.4,82,28.6,6.21,25.1,20.7,43.1,2.3,vegetative,0.653,no_action,0,3,30.0,74.5,,120,26,6.8,30,0.35,42,78
Wheat,58,26.8,62,1.6,7.21,25.6,29.0,61.2,2.6,mature,0.427,no_action,0,7,30.0,72.0,,140,20,6.5,25,0.9,126,14
Potato,37,28.4,55,30.8,6.96,24.6,1.6,84.1,1.2,mature,0.876,no_action,0,5,30.0,77.0,,90,18,5.5,20,0.9,81,9
Maize,25,36.3,51,14.3,6.9,64.3,1.3,149.5,0.0,mature,0.782,no_action,0,3,30.0,0.0,,120,26,6.8,30,0.9,108,12
Tomato,34,21.0,55,23.3,6.54,59.3,13.5,115.2,2.7,vegetative,0.747,no_action,0,5,30.0,0.0,,110,25,6.2,35,0.35,38,72
Tomato,47,32.9,54,19.0,6.51,69.9,20.0,61.3,0.0,mature,0.779,no_action,0,5,30.0,0.0,,110,25,6.2,35,0.9,99,11
Rice,30,25.7,63,13.8,5.97,27.1,33.0,87.6,1.6,mature,1.0,no_action,0,5,30.0,64.5,,150,28,6.0,50,0.9,135,15
Rice,25,26.7,62,16.1,7.06,35.3,22.1,75.4,3.2,seedling,1.0,pesticide,0,3,30.0,23.5,21.0,150,28,6.0,50,0.1,15,135
Wheat,44,31.0,60,36.5,6.84,2.7,12.6,71.6,2.2,flowering,0.526,fertilize,1,5,3.0,186.5,,140,20,6.5,25,0.7,98,42
Maize,44,20.3,67,3.5,6.89,56.6,4.7,139.2,4.5,vegetative,0.942,pesticide,1,5,30.0,0.0,14.0,120,26,6.8,30,0.35,42,78
Maize,31,29.3,78,22.8,6.08,9.0,27.3,45.1,3.3,flowering,0.719,fertilize,0,5,3.0,155.0,21.0,120,26,6.8,30,0.7,84,36
Rice,32,28.0,74,24.8,4.78,33.9,5.4,164.4,1.1,seedling,0.74,no_action,1,5,30.0,30.5,,150,28,6.0,50,0.1,15,135
Maize,44,30.0,38,10.8,7.38,10.2,31.3,133.1,2.0,flowering,0.345,fertilize,1,5,7.0,149.0,,120,26,6.8,30,0.7,84,36
Maize,14,28.7,22,58.0,6.12,19.4,12.2,143.6,1.9,mature,0.619,no_action,0,3,30.0,103.0,,120,26,6.8,30,0.9,108,12
Tomato,15,41.7,74,6.0,5.81,14.9,30.9,81.5,0.0,mature,0.504,irrigate,1,2,20.0,125.5,,110,25,6.2,35,0.9,99,11
Rice,27,23.2,39,49.1,7.05,19.1,21.8,94.0,0.8,vegetative,0.799,no_action,0,3,30.0,104.5,,150,28,6.0,50,0.35,52,98
Potato,36,23.8,57,32.8,6.19,20.3,13.6,42.7,1.3,vegetative,0.843,no_action,0,5,30.0,98.5,,90,18,5.5,20,0.35,31,59
Rice,46,23.3,42,0.6,7.35,20.1,9.8,79.0,0.0,vegetative,0.277,no_action,1,5,30.0,99.5,,150,28,6.0,50,0.35,52,98
Potato,67,23.7,33,73.3,6.99,45.0,11.6,119.7,2.1,seedling,0.646,no_action,0,7,30.0,0.0,,90,18,5.5,20,0.1,9,81
Tomato,55,23.2,68,15.8,7.05,10.1,19.3,151.8,1.7,vegetative,0.852,fertilize,0,7,7.0,149.5,,110,25,6.2,35,0.35,38,72
Wheat,37,34.1,71,47.6,5.41,34.0,15.8,55.7,0.0,seedling,0.616,no_action,0,5,30.0,30.0,,140,20,6.5,25,0.1,14,126
Maize,40,35.5,51,50.0,7.47,51.9,9.1,85.4,2.5,mature,0.781,no_action,0,5,30.0,0.0,,120,26,6.8,30,0.9,108,12
Tomato,22,23.6,21,0.1,6.71,20.8,13.3,93.9,2.9,flowering,0.713,irrigate,1,2,30.0,96.0,,110,25,6.2,35,0.7,77,33
Maize,40,22.0,52,61.8,6.2,17.1,15.8,44.2,2.3,mature,0.711,fertilize,1,5,7.0,114.5,,120,26,6.8,30,0.9,108,12
Wheat,35,29.8,66,12.5,6.61,25.9,6.3,123.7,1.6,mature,0.601,no_action,0,5,30.0,70.5,,140,20,6.5,25,0.9,126,14
Wheat,46,23.7,38,28.7,5.08,51.2,19.6,71.0,2.8,mature,0.431,no_action,0,5,30.0,0.0,,140,20,6.5,25,0.9,126,14
Tomato,25,30.8,63,27.8,6.83,33.5,5.2,92.2,2.9,vegetative,0.448,no_action,1,3,30.0,32.5,,110,25,6.2,35,0.35,38,72
Wheat,49,28.2,60,16.0,5.68,20.4,3.5,81.9,2.4,vegetative,0.778,no_action,0,5,30.0,98.0,,140,20,6.5,25,0.35,49,91
Potato,68,17.9,69,44.3,5.42,38.7,1.9,68.4,0.9,vegetative,0.654,no_action,0,7,30.0,10.0,,90,18,5.5,20,0.35,31,59
Wheat,38,36.3,62,43.8,5.28,10.2,2.9,99.7,2.4,flowering,0.625,fertilize,0,5,7.0,149.0,,140,20,6.5,25,0.7,98,42
Maize,47,37.8,45,32.5,7.39,42.3,1.4,91.4,3.6,vegetative,0.574,pesticide,0,5,30.0,0.0,21.0,120,26,6.8,30,0.35,42,78
Maize,52,23.3,78,59.1,6.0,37.4,7.9,85.1,1.2,seedling,0.595,no_action,1,7,30.0,13.0,,120,26,6.8,30,0.1,12,108
Maize,33,24.7,58,29.9,7.73,24.5,34.5,70.9,4.7,mature,0.838,pesticide,0,5,30.0,77.5,14.0,120,26,6.8,30,0.9,108,12
Maize,44,28.7,60,51.0,6.07,14.9,9.7,112.8,1.3,flowering,0.59,fertilize,0,5,7.0,125.5,,120,26,6.8,30,0.7,84,36
Potato,40,29.0,46,53.8,5.13,14.0,16.8,166.1,2.0,flowering,0.409,fertilize,0,5,7.0,130.0,,90,18,5.5,20,0.7,62,28
Rice,42,31.0,53,12.7,5.61,39.6,19.0,105.6,1.1,flowering,0.784,no_action,1,5,30.0,10.0,,150,28,6.0,50,0.7,105,45
Tomato,26,39.1,47,7.7,7.49,52.1,16.3,139.8,2.3,flowering,0.613,irrigate,1,2,30.0,0.0,,110,25,6.2,35,0.7,77,33
Maize,40,25.9,57,13.2,6.38,18.5,14.2,44.4,0.0,flowering,0.656,no_action,0,5,30.0,107.5,,120,26,6.8,30,0.7,84,36
Wheat,49,22.2,86,13.6,6.06,38.3,3.0,106.3,1.3,seedling,0.939,no_action,0,5,30.0,10.0,,140,20,6.5,25,0.1,14,126
Maize,66,18.7,39,10.8,6.63,7.6,29.5,56.1,0.6,mature,0.646,fertilize,0,7,3.0,162.0,,120,26,6.8,30,0.9,108,12
Wheat,57,22.6,36,43.4,6.9,19.5,33.1,40.9,2.2,flowering,0.702,no_action,0,7,30.0,102.5,,140,20,6.5,25,0.7,98,42
Wheat,79,26.8,82,59.3,7.39,29.4,1.8,70.4,3.3,mature,0.438,pesticide,0,14,30.0,53.0,21.0,140,20,6.5,25,0.9,126,14
Maize,26,37.8,57,61.9,7.66,13.6,4.8,147.7,2.8,vegetative,0.61,fertilize,0,3,7.0,132.0,,120,26,6.8,30,0.35,42,78
Potato,56,23.9,50,3.1,6.21,13.1,12.2,138.0,0.0,flowering,0.76,fertilize,0,7,7.0,134.5,,90,18,5.5,20,0.7,62,28
Wheat,43,28.3,76,13.7,5.44,18.0,5.4,109.7,4.7,flowering,0.37,pesticide,0,5,30.0,110.0,14.0,140,20,6.5,25,0.7,98,42
Wheat,79,26.9,51,30.5,6.17,35.3,20.1,38.7,2.4,mature,0.686,no_action,0,14,30.0,23.5,,140,20,6.5,25,0.9,126,14
Maize,25,34.1,87,4.2,6.71,26.6,7.7,92.1,1.0,flowering,0.668,irrigate,1,2,30.0,67.0,,120,26,6.8,30,0.7,84,36
Wheat,25,42.2,70,48.9,5.73,10.3,36.7,112.1,2.2,flowering,0.657,fertilize,0,3,7.0,148.5,,140,20,6.5,25,0.7,98,42
Wheat,29,23.8,53,68.5,5.73,8.2,26.9,107.0,2.2,flowering,0.837,fertilize,1,3,3.0,159.0,,140,20,6.5,25,0.7,98,42
Maize,5,24.1,92,17.0,6.78,19.1,17.1,26.2,1.1,seedling,0.71,no_action,1,3,30.0,104.5,,120,26,6.8,30,0.1,12,108
Maize,31,33.3,51,2.2,6.46,38.2,25.3,64.4,2.3,seedling,0.916,no_action,0,5,30.0,10.0,,120,26,6.8,30,0.1,12,108
Tomato,26,31.1,71,19.2,6.53,19.5,26.1,97.4,1.2,flowering,0.471,no_action,1,3,30.0,102.5,,110,25,6.2,35,0.7,77,33
Potato,43,38.1,64,28.4,5.89,21.0,9.4,121.5,1.5,seedling,0.674,no_action,0,5,30.0,95.0,,90,18,5.5,20,0.1,9,81
Potato,46,30.5,80,4.3,6.32,20.5,6.8,12.2,1.1,vegetative,0.665,no_action,0,5,30.0,97.5,,90,18,5.5,20,0.35,31,59
Wheat,74,24.8,83,32.7,5.76,55.0,15.8,93.5,0.1,flowering,0.458,no_action,0,7,30.0,0.0,,140,20,6.5,25,0.7,98,42
Potato,57,30.5,60,5.8,7.21,23.1,23.6,105.7,2.2,vegetative,0.822,no_action,1,7,30.0,84.5,,90,18,5.5,20,0.35,31,59
Wheat,30,33.7,49,19.6,7.33,36.9,16.4,134.0,2.8,mature,1.0,no_action,0,5,30.0,15.5,,140,20,6.5,25,0.9,126,14
Tomato,24,31.9,67,36.4,5.02,32.5,0.8,127.7,2.7,vegetative,0.647,no_action,0,3,30.0,37.5,,110,25,6.2,35,0.35,38,72
Maize,49,30.0,50,20.2,5.76,8.4,7.0,123.3,3.1,mature,0.741,fertilize,1,5,3.0,158.0,21.0,120,26,6.8,30,0.9,108,12
Maize,16,33.4,90,6.9,5.3,43.8,14.3,68.0,2.4,flowering,0.665,irrigate,1,2,30.0,0.0,,120,26,6.8,30,0.7,84,36
Maize,73,34.0,62,16.7,5.98,33.9,14.2,23.7,1.3,mature,0.522,no_action,0,7,30.0,30.5,,120,26,6.8,30,0.9,108,12
Potato,61,35.3,55,17.3,6.43,39.1,34.7,84.3,3.1,mature,0.322,pesticide,1,7,30.0,10.0,21.0,90,18,5.5,20,0.9,81,9
Tomato,32,30.9,63,8.9,5.34,100.7,1.1,140.1,0.2,vegetative,0.523,no_action,0,5,30.0,0.0,,110,25,6.2,35,0.35,38,72
Potato,9,26.0,40,12.2,5.76,7.5,20.1,155.7,0.8,vegetative,0.399,fertilize,0,3,3.0,162.5,,90,18,5.5,20,0.35,31,59
Potato,64,27.9,45,68.0,5.7,61.0,29.9,128.4,0.7,vegetative,0.957,no_action,0,7,30.0,0.0,,90,18,5.5,20,0.35,31,59
Tomato,38,34.2,78,36.8,6.67,24.8,37.7,117.2,3.4,flowering,0.629,pesticide,0,5,30.0,76.0,21.0,110,25,6.2,35,0.7,77,33
Tomato,62,22.1,50,11.1,6.56,35.2,11.0,115.2,3.2,flowering,0.588,pesticide,0,7,30.0,24.0,21.0,110,25,6.2,35,0.7,77,33
Tomato,11,29.2,44,40.9,5.92,29.2,19.9,77.8,2.6,vegetative,0.81,no_action,0,3,30.0,54.0,,110,25,6.2,35,0.35,38,72
Tomato,29,24.6,68,10.0,6.64,22.4,20.7,94.8,3.4,flowering,0.448,pesticide,1,3,30.0,88.0,21.0,110,25,6.2,35,0.7,77,33
Maize,40,27.2,78,55.2,6.06,19.7,17.0,166.8,0.9,flowering,0.512,no_action,1,5,30.0,101.5,,120,26,6.8,30,0.7,84,36
Rice,41,34.7,71,31.1,6.28,35.9,14.0,62.3,2.5,mature,0.662,no_action,1,5,30.0,20.5,,150,28,6.0,50,0.9,135,15
Rice,32,28.1,75,16.8,7.84,2.7,19.4,164.6,1.8,mature,0.835,fertilize,0,5,3.0,186.5,,150,28,6.0,50,0.9,135,15
Tomato,51,27.3,49,33.4,7.57,43.5,10.3,87.1,3.1,vegetative,0.74,pesticide,0,7,30.0,0.0,21.0,110,25,6.2,35,0.35,38,72
Rice,21,18.8,39,27.1,5.46,22.5,21.8,153.0,1.9,flowering,0.695,no_action,0,3,30.0,87.5,,150,28,6.0,50,0.7,105,45
Rice,37,31.5,83,13.8,7.16,9.7,16.3,43.7,1.5,mature,0.664,fertilize,0,5,3.0,151.5,,150,28,6.0,50,0.9,135,15
Tomato,42,30.9,55,15.8,7.15,21.9,12.8,123.4,2.7,seedling,0.722,no_action,0,5,30.0,90.5,,110,25,6.2,35,0.1,11,99
Rice,49,40.0,56,24.3,5.58,52.6,35.5,70.5,3.1,flowering,0.686,pesticide,0,5,30.0,0.0,21.0,150,28,6.0,50,0.7,105,45
Potato,53,25.2,80,72.0,7.16,20.4,8.3,43.4,1.1,seedling,0.465,no_action,1,7,30.0,98.0,,90,18,5.5,20,0.1,9,81
Wheat,20,28.3,68,86.9,7.73,36.5,11.0,108.7,1.9,vegetative,0.658,no_action,0,3,30.0,17.5,,140,20,6.5,25,0.35,49,91
Wheat,12,28.5,67,39.1,5.6,16.8,34.9,140.4,0.6,flowering,0.457,fertilize,1,3,7.0,116.0,,140,20,6.5,25,0.7,98,42
Tomato,63,36.5,92,35.0,5.77,43.6,6.7,66.2,0.0,vegetative,0.665,no_action,1,7,30.0,0.0,,110,25,6.2,35,0.35,38,72
Maize,46,26.4,50,34.0,7.31,42.3,9.5,40.0,2.3,vegetative,0.563,no_action,0,5,30.0,0.0,,120,26,6.8,30,0.35,42,78
Tomato,27,28.7,74,3.7,6.72,63.3,13.5,96.3,2.8,vegetative,1.0,irrigate,0,2,30.0,0.0,,110,25,6.2,35,0.35,38,72
Maize,68,30.6,61,3.6,6.94,26.8,23.4,96.5,2.3,vegetative,0.643,no_action,1,7,30.0,66.0,,120,26,6.8,30,0.35,42,78
Wheat,42,28.1,64,1.4,6.77,42.0,17.1,121.9,0.0,vegetative,0.397,no_action,1,5,30.0,0.0,,140,20,6.5,25,0.35,49,91
Tomato,61,24.3,83,15.0,6.81,31.8,2.1,138.0,1.5,flowering,0.626,no_action,1,7,30.0,41.0,,110,25,6.2,35,0.7,77,33
Potato,41,28.2,68,5.8,5.44,53.3,9.7,97.6,0.0,seedling,0.743,no_action,0,5,30.0,0.0,,90,18,5.5,20,0.1,9,81
Rice,77,33.4,68,39.4,7.34,17.1,8.9,174.2,3.8,flowering,0.951,fertilize,0,14,7.0,114.5,21.0,150,28,6.0,50,0.7,105,45
Maize,72,20.8,76,42.4,7.44,43.4,14.2,109.0,0.6,flowering,0.544,no_action,0,7,30.0,0.0,,120,26,6.8,30,0.7,84,36
Rice,36,27.8,55,12.2,6.32,26.5,19.3,86.1,3.6,flowering,0.365,pesticide,0,5,30.0,67.5,21.0,150,28,6.0,50,0.7,105,45
Rice,57,22.8,47,27.2,6.47,28.8,19.2,35.5,3.2,mature,0.797,pesticide,0,7,30.0,56.0,21.0,150,28,6.0,50,0.9,135,15
Tomato,52,34.2,44,82.2,5.28,31.7,2.8,89.5,0.8,mature,0.401,no_action,1,7,30.0,41.5,,110,25,6.2,35,0.9,99,11
Rice,65,17.9,31,7.6,6.91,34.5,25.6,86.5,0.5,flowering,0.571,no_action,0,7,30.0,27.5,,150,28,6.0,50,0.7,105,45
Potato,23,23.6,91,55.9,6.96,27.9,17.5,138.4,2.5,seedling,0.604,no_action,1,3,30.0,60.5,,90,18,5.5,20,0.1,9,81
Rice,52,29.3,43,11.4,6.45,33.9,28.8,118.5,0.9,flowering,0.637,no_action,0,7,30.0,30.5,,150,28,6.0,50,0.7,105,45
Tomato,59,36.4,57,53.0,7.4,58.4,19.4,52.8,2.1,vegetative,0.774,no_action,1,7,30.0,0.0,,110,25,6.2,35,0.35,38,72
Potato,8,26.6,56,78.8,6.23,47.7,26.0,106.9,1.4,mature,0.527,no_action,0,3,30.0,0.0,,90,18,5.5,20,0.9,81,9
Wheat,19,23.7,65,16.9,6.95,45.6,19.7,126.9,0.0,mature,0.601,no_action,0,3,30.0,0.0,,140,20,6.5,25,0.9,126,14
Rice,5,38.3,72,34.9,5.68,21.8,28.5,161.1,0.0,flowering,0.647,no_action,0,3,30.0,91.0,,150,28,6.0,50,0.7,105,45
Tomato,35,18.3,73,6.0,6.48,14.0,20.2,135.5,2.3,flowering,0.677,fertilize,1,5,7.0,130.0,,110,25,6.2,35,0.7,77,33
Wheat,53,13.8,51,16.8,6.36,47.2,14.0,130.4,1.3,seedling,0.668,no_action,0,7,30.0,0.0,,140,20,6.5,25,0.1,14,126
Wheat,67,29.6,57,99.3,6.68,45.8,37.7,102.4,1.3,seedling,0.728,no_action,0,7,30.0,0.0,,140,20,6.5,25,0.1,14,126
Maize,41,24.0,64,25.1,6.2,56.5,23.9,115.5,2.9,vegetative,0.802,no_action,1,5,30.0,0.0,,120,26,6.8,30,0.35,42,78
Potato,69,20.9,56,27.6,6.39,19.1,20.7,150.0,3.5,flowering,0.721,pesticide,1,7,30.0,104.5,21.0,90,18,5.5,20,0.7,62,28
Rice,15,31.3,84,34.0,7.16,25.9,2.2,46.7,1.6,flowering,0.732,no_action,0,3,30.0,70.5,,150,28,6.0,50,0.7,105,45
Tomato,9,28.5,67,52.6,6.15,0.5,2.1,86.0,1.6,flowering,0.365,fertilize,0,3,3.0,197.5,,110,25,6.2,35,0.7,77,33
Maize,39,23.6,71,22.9,5.21,22.9,17.9,69.1,2.7,mature,0.659,no_action,0,5,30.0,85.5,,120,26,6.8,30,0.9,108,12
Potato,47,19.3,70,29.2,7.9,47.9,16.5,115.2,0.2,vegetative,0.736,no_action,1,5,30.0,0.0,,90,18,5.5,20,0.35,31,59
Maize,39,32.2,78,8.3,7.61,21.6,8.9,149.2,2.3,seedling,0.781,no_action,0,5,30.0,92.0,,120,26,6.8,30,0.1,12,108
Potato,5,30.9,63,28.1,5.47,41.5,16.4,76.1,2.7,mature,0.525,no_action,0,3,30.0,0.0,,90,18,5.5,20,0.9,81,9
Potato,38,26.4,41,9.7,7.05,26.6,30.9,4.4,2.9,mature,0.531,no_action,1,5,30.0,67.0,,90,18,5.5,20,0.9,81,9
Rice,17,38.1,66,38.6,6.1,35.8,22.0,83.5,0.0,mature,0.547,no_action,0,3,30.0,21.0,,150,28,6.0,50,0.9,135,15
Potato,52,20.6,50,8.9,6.71,9.3,3.6,136.5,1.0,mature,0.747,fertilize,1,7,3.0,153.5,,90,18,5.5,20,0.9,81,9
Maize,47,17.8,52,31.3,6.74,31.5,13.9,121.5,0.9,vegetative,0.836,no_action,0,5,30.0,42.5,,120,26,6.8,30,0.35,42,78
Potato,23,22.8,69,19.1,6.31,23.8,7.0,117.1,2.1,flowering,0.577,no_action,0,3,30.0,81.0,,90,18,5.5,20,0.7,62,28
Rice,31,26.7,79,53.8,5.87,26.6,11.1,88.8,2.6,seedling,0.813,no_action,0,5,30.0,67.0,,150,28,6.0,50,0.1,15,135
Rice,21,28.5,60,18.5,5.95,0.7,10.9,48.8,3.9,seedling,0.672,fertilize,1,3,3.0,196.5,21.0,150,28,6.0,50,0.1,15,135
Maize,39,25.6,65,33.2,5.77,51.7,10.2,120.6,1.4,mature,0.628,no_action,0,5,30.0,0.0,,120,26,6.8,30,0.9,108,12
Wheat,57,29.1,86,57.9,5.83,44.0,2.4,66.6,1.4,mature,0.612,no_action,1,7,30.0,0.0,,140,20,6.5,25,0.9,126,14
Wheat,22,19.5,64,7.2,6.45,38.4,13.7,187.4,3.5,vegetative,0.784,irrigate,0,2,30.0,10.0,21.0,140,20,6.5,25,0.35,49,91
Potato,49,35.7,99,0.4,5.93,57.4,9.4,122.8,2.4,mature,0.709,no_action,0,5,30.0,0.0,,90,18,5.5,20,0.9,81,9
Tomato,30,26.5,68,2.1,7.05,12.9,14.3,76.8,3.6,seedling,1.0,fertilize,1,5,7.0,135.5,21.0,110,25,6.2,35,0.1,11,99
Potato,26,33.7,34,61.2,7.69,61.5,35.5,75.5,2.4,seedling,0.497,no_action,1,3,30.0,0.0,,90,18,5.5,20,0.1,9,81
Maize,38,29.1,71,44.1,6.04,46.8,25.9,96.3,0.5,flowering,0.743,no_action,0,5,30.0,0.0,,120,26,6.8,30,0.7,84,36
Maize,21,29.7,66,114.1,6.69,25.7,11.2,90.4,0.3,flowering,0.555,no_action,0,3,30.0,71.5,,120,26,6.8,30,0.7,84,36
Maize,30,30.4,79,51.7,6.9,50.4,15.2,144.7,0.0,seedling,0.494,no_action,1,5,30.0,0.0,,120,26,6.8,30,0.1,12,108
Maize,18,29.7,70,26.7,6.88,10.1,3.3,107.5,2.9,seedling,0.648,fertilize,0,3,7.0,149.5,,120,26,6.8,30,0.1,12,108
Maize,75,30.9,58,18.4,6.56,15.2,32.0,70.7,3.5,vegetative,0.675,fertilize,0,14,7.0,124.0,21.0,120,26,6.8,30,0.35,42,78
Rice,41,35.0,42,28.6,7.09,19.0,34.0,175.6,4.4,vegetative,1.0,pesticide,1,5,30.0,105.0,14.0,150,28,6.0,50,0.35,52,98
Wheat,27,28.2,57,35.6,6.89,20.5,16.6,102.0,3.1,seedling,0.617,pesticide,0,3,30.0,97.5,21.0,140,20,6.5,25,0.1,14,126
Maize,44,31.3,47,39.4,5.51,11.0,25.2,130.8,3.5,mature,0.447,fertilize,0,5,7.0,145.0,21.0,120,26,6.8,30,0.9,108,12
Tomato,38,26.5,51,36.7,7.2,52.0,16.8,75.7,1.2,flowering,0.699,no_action,1,5,30.0,0.0,,110,25,6.2,35,0.7,77,33
Tomato,36,35.6,69,22.7,7.21,25.3,1.6,114.5,0.5,seedling,0.277,no_action,0,5,30.0,73.5,,110,25,6.2,35,0.1,11,99
Tomato,51,22.9,85,14.1,5.89,36.3,10.9,112.4,3.1,mature,0.633,pesticide,1,7,30.0,18.5,21.0,110,25,6.2,35,0.9,99,11
Tomato,54,37.8,66,15.5,6.53,19.7,16.3,24.4,2.5,seedling,0.653,no_action,1,7,30.0,101.5,,110,25,6.2,35,0.1,11,99
Rice,30,26.8,42,14.2,7.05,2.8,10.5,180.6,2.1,flowering,0.793,fertilize,0,5,3.0,186.0,,150,28,6.0,50,0.7,105,45
Tomato,30,18.4,67,54.0,6.33,34.9,12.8,151.6,2.5,flowering,0.825,no_action,1,5,30.0,25.5,,110,25,6.2,35,0.7,77,33
Maize,35,27.8,78,37.8,7.36,4.4,14.1,84.1,2.4,vegetative,0.559,fertilize,0,5,3.0,178.0,,120,26,6.8,30,0.35,42,78
Potato,5,22.9,51,68.2,8.39,28.8,14.2,55.9,3.7,vegetative,0.623,pesticide,0,3,30.0,56.0,21.0,90,18,5.5,20,0.35,31,59
Tomato,13,32.0,58,39.7,5.87,5.4,15.5,113.9,3.7,vegetative,0.512,fertilize,0,3,3.0,173.0,21.0,110,25,6.2,35,0.35,38,72
Rice,65,23.1,60,25.8,5.4,65.8,4.4,103.5,2.7,vegetative,0.447,no_action,1,7,30.0,0.0,,150,28,6.0,50,0.35,52,98
Rice,70,24.3,48,19.4,6.74,46.4,7.8,114.2,3.1,flowering,0.706,pesticide,0,7,30.0,0.0,21.0,150,28,6.0,50,0.7,105,45
Tomato,36,15.7,70,8.3,7.08,31.9,2.2,107.7,2.7,mature,0.421,no_action,0,5,30.0,40.5,,110,25,6.2,35,0.9,99,11
Potato,50,24.3,58,53.7,6.32,52.7,24.8,120.2,1.4,mature,0.575,no_action,0,7,30.0,0.0,,90,18,5.5,20,0.9,81,9
Tomato,46,12.5,66,48.4,7.66,14.8,6.1,157.9,3.0,mature,0.471,fertilize,1,5,7.0,126.0,21.0,110,25,6.2,35,0.9,99,11
Rice,95,17.5,47,3.2,5.43,39.8,26.5,122.7,0.2,seedling,0.749,no_action,0,14,30.0,10.0,,150,28,6.0,50,0.1,15,135
Wheat,60,31.6,53,32.2,7.05,33.6,28.9,58.0,3.4,vegetative,0.974,pesticide,0,7,30.0,32.0,21.0,140,20,6.5,25,0.35,49,91
Maize,38,31.7,71,9.1,6.02,34.8,12.0,154.5,0.4,vegetative,0.416,no_action,1,5,30.0,26.0,,120,26,6.8,30,0.35,42,78
Rice,23,29.6,54,21.4,7.88,52.9,11.0,165.6,2.4,flowering,0.316,no_action,0,3,30.0,0.0,,150,28,6.0,50,0.7,105,45
Tomato,11,21.2,86,1.2,8.09,43.2,11.4,226.1,0.9,flowering,0.628,irrigate,0,1,30.0,0.0,,110,25,6.2,35,0.7,77,33
Maize,44,26.7,54,45.9,5.89,35.2,14.4,55.1,2.7,seedling,0.653,no_action,0,5,30.0,24.0,,120,26,6.8,30,0.1,12,108
Tomato,26,27.0,63,48.6,6.06,0.2,4.9,109.7,2.0,seedling,0.689,fertilize,0,3,3.0,199.0,,110,25,6.2,35,0.1,11,99
Tomato,14,20.0,74,35.4,7.19,12.7,9.8,16.7,0.0,mature,0.57,fertilize,1,3,7.0,136.5,,110,25,6.2,35,0.9,99,11
Wheat,28,36.0,39,41.8,6.19,27.8,30.3,122.1,2.5,flowering,0.614,no_action,0,3,30.0,61.0,,140,20,6.5,25,0.7,98,42
Maize,21,32.3,34,35.5,6.46,31.7,21.6,78.1,1.2,vegetative,0.716,no_action,0,3,30.0,41.5,,120,26,6.8,30,0.35,42,78
Maize,70,25.7,37,0.8,6.52,9.7,5.8,176.9,3.1,mature,0.837,fertilize,0,7,3.0,151.5,21.0,120,26,6.8,30,0.9,108,12
Wheat,56,27.2,79,33.0,4.96,73.4,1.0,69.0,2.0,vegetative,0.298,no_action,1,7,30.0,0.0,,140,20,6.5,25,0.35,49,91
Rice,40,28.3,52,44.0,6.49,57.3,11.7,32.4,2.5,mature,0.584,no_action,1,5,30.0,0.0,,150,28,6.0,50,0.9,135,15
Tomato,67,14.7,98,42.6,5.95,40.8,12.9,81.1,0.8,vegetative,0.688,no_action,1,7,30.0,0.0,,110,25,6.2,35,0.35,38,72
Potato,41,25.5,52,55.7,6.11,31.3,20.0,21.0,1.2,seedling,0.485,no_action,1,5,30.0,43.5,,90,18,5.5,20,0.1,9,81
Tomato,24,22.9,63,41.2,7.65,26.2,9.6,130.0,1.4,mature,0.962,no_action,0,3,30.0,69.0,,110,25,6.2,35,0.9,99,11
Tomato,67,21.0,83,30.5,5.49,12.9,20.1,17.4,3.1,vegetative,0.536,fertilize,0,7,7.0,135.5,21.0,110,25,6.2,35,0.35,38,72
Rice,50,25.3,90,52.1,7.15,31.4,34.4,101.1,4.2,vegetative,0.643,pesticide,1,7,30.0,43.0,14.0,150,28,6.0,50,0.35,52,98
Tomato,21,37.8,91,19.2,6.28,34.6,23.2,16.9,1.0,flowering,0.75,no_action,1,3,30.0,27.0,,110,25,6.2,35,0.7,77,33
Wheat,37,30.8,78,6.5,6.28,7.6,14.5,87.2,3.4,mature,0.544,fertilize,0,5,3.0,162.0,21.0,140,20,6.5,25,0.9,126,14
Wheat,24,23.6,75,15.1,7.13,36.0,13.2,165.7,0.0,vegetative,0.318,no_action,1,3,30.0,20.0,,140,20,6.5,25,0.35,49,91
Maize,15,30.4,69,2.3,6.77,27.2,11.4,114.4,0.4,flowering,0.573,irrigate,0,2,30.0,64.0,,120,26,6.8,30,0.7,84,36
Potato,57,35.4,72,0.3,6.96,4.3,26.8,65.5,0.8,vegetative,0.835,fertilize,1,7,3.0,178.5,,90,18,5.5,20,0.35,31,59
Tomato,74,32.5,52,15.7,7.27,14.5,8.7,98.8,0.2,mature,0.589,fertilize,0,7,7.0,127.5,,110,25,6.2,35,0.9,99,11
Tomato,15,27.4,48,3.8,6.23,22.6,15.5,100.7,0.0,seedling,0.498,irrigate,0,2,30.0,87.0,,110,25,6.2,35,0.1,11,99
Rice,50,23.1,60,10.8,6.01,64.0,15.5,118.9,2.5,mature,0.817,no_action,0,7,30.0,0.0,,150,28,6.0,50,0.9,135,15
Wheat,28,31.2,57,36.8,5.63,40.0,10.0,45.3,1.7,mature,0.59,no_action,1,3,30.0,0.0,,140,20,6.5,25,0.9,126,14
Potato,31,29.4,53,26.4,5.84,6.0,1.3,123.7,2.5,vegetative,0.558,fertilize,0,5,3.0,170.0,,90,18,5.5,20,0.35,31,59
Maize,29,32.4,70,20.0,8.86,38.7,18.2,8.2,2.9,vegetative,0.677,no_action,1,3,30.0,10.0,,120,26,6.8,30,0.35,42,78
Wheat,24,30.8,74,4.5,7.5,2.1,14.4,74.8,2.3,mature,0.789,irrigate,0,2,10.0,189.5,,140,20,6.5,25,0.9,126,14
Maize,41,33.3,61,39.8,5.42,49.5,20.0,80.5,2.9,flowering,1.0,no_action,1,5,30.0,0.0,,120,26,6.8,30,0.7,84,36
Rice,25,23.8,82,48.1,5.44,21.5,9.7,125.3,1.9,flowering,0.799,no_action,0,3,30.0,92.5,,150,28,6.0,50,0.7,105,45
Rice,45,34.9,43,28.2,6.89,28.3,27.2,100.9,0.5,flowering,0.859,no_action,1,5,30.0,58.5,,150,28,6.0,50,0.7,105,45
Tomato,39,28.2,57,2.9,6.94,53.9,6.2,43.8,3.4,vegetative,0.559,pesticide,0,5,30.0,0.0,21.0,110,25,6.2,35,0.35,38,72
Potato,36,39.5,49,3.1,6.94,6.8,32.1,60.6,1.2,vegetative,0.465,fertilize,1,5,3.0,166.0,,90,18,5.5,20,0.35,31,59
Maize,24,22.9,32,8.2,6.3,4.9,2.5,107.9,0.8,mature,0.661,irrigate,1,2,10.0,175.5,,120,26,6.8,30,0.9,108,12
Wheat,30,37.4,59,44.9,6.4,19.5,19.3,96.8,1.8,seedling,0.669,no_action,0,5,30.0,102.5,,140,20,6.5,25,0.1,14,126
Rice,54,28.2,58,14.2,6.76,48.7,19.8,76.8,0.8,vegetative,0.456,no_action,1,7,30.0,0.0,,150,28,6.0,50,0.35,52,98
Tomato,49,23.1,83,12.1,6.57,2.7,7.0,80.8,1.5,mature,0.618,fertilize,0,5,3.0,186.5,,110,25,6.2,35,0.9,99,11
Tomato,22,24.1,69,40.1,4.72,21.0,19.2,127.8,2.4,mature,0.722,no_action,0,3,30.0,95.0,,110,25,6.2,35,0.9,99,11
Maize,42,25.1,45,39.1,6.32,21.9,27.8,79.3,2.5,seedling,0.715,no_action,0,5,30.0,90.5,,120,26,6.8,30,0.1,12,108
Rice,54,29.5,88,17.2,5.82,39.9,7.2,96.5,0.8,flowering,0.741,no_action,0,7,30.0,10.0,,150,28,6.0,50,0.7,105,45
Potato,10,30.1,78,21.8,6.64,51.6,20.0,186.8,1.4,mature,0.702,no_action,1,3,30.0,0.0,,90,18,5.5,20,0.9,81,9
Rice,50,23.6,69,28.3,8.89,21.7,9.9,43.1,3.4,mature,0.559,pesticide,0,7,30.0,91.5,21.0,150,28,6.0,50,0.9,135,15
Maize,28,26.9,57,60.8,6.79,22.6,5.3,25.9,2.6,mature,0.557,no_action,0,3,30.0,87.0,,120,26,6.8,30,0.9,108,12
Maize,50,39.9,46,19.3,6.25,50.8,31.3,131.3,4.7,flowering,0.434,pesticide,1,7,30.0,0.0,14.0,120,26,6.8,30,0.7,84,36
Rice,26,37.4,54,70.6,7.24,3.7,9.2,72.9,3.5,flowering,0.971,fertilize,0,3,3.0,181.5,21.0,150,28,6.0,50,0.7,105,45
Maize,8,29.6,76,25.5,6.89,23.0,3.3,87.3,3.5,seedling,0.652,pesticide,0,3,30.0,85.0,21.0,120,26,6.8,30,0.1,12,108
Rice,11,27.2,88,74.0,6.84,33.4,13.0,68.8,0.2,vegetative,0.61,no_action,0,3,30.0,33.0,,150,28,6.0,50,0.35,52,98
Wheat,41,27.7,83,57.2,6.99,38.1,35.7,89.6,3.0,flowering,0.483,no_action,0,5,30.0,10.0,21.0,140,20,6.5,25,0.7,98,42
Rice,45,30.7,53,26.3,8.15,20.8,3.3,163.9,1.9,vegetative,1.0,no_action,0,5,30.0,96.0,,150,28,6.0,50,0.35,52,98
Rice,24,20.9,43,5.3,5.6,30.6,4.5,132.1,1.3,vegetative,0.457,irrigate,0,2,30.0,47.0,,150,28,6.0,50,0.35,52,98
Maize,51,25.5,62,44.2,6.88,14.8,30.0,134.5,2.2,flowering,0.573,fertilize,1,7,7.0,126.0,,120,26,6.8,30,0.7,84,36
Maize,10,17.0,33,9.2,5.76,18.2,33.6,43.4,3.2,mature,0.725,irrigate,1,1,30.0,109.0,21.0,120,26,6.8,30,0.9,108,12
Tomato,39,29.4,65,34.3,6.94,38.2,14.0,54.0,2.7,seedling,0.758,no_action,0,5,30.0,10.0,,110,25,6.2,35,0.1,11,99
Tomato,18,30.9,58,35.2,5.77,12.3,2.6,13.6,0.9,vegetative,0.822,fertilize,1,3,7.0,138.5,,110,25,6.2,35,0.35,38,72
Wheat,28,24.1,53,51.8,6.17,31.1,36.0,67.6,3.0,mature,0.975,no_action,0,3,30.0,44.5,21.0,140,20,6.5,25,0.9,126,14
Tomato,41,36.4,36,102.8,6.26,38.0,30.9,138.3,1.2,flowering,0.741,no_action,0,5,30.0,10.0,,110,25,6.2,35,0.7,77,33
Rice,25,19.6,68,31.8,7.28,23.8,21.8,120.7,2.3,vegetative,0.46,no_action,1,3,30.0,81.0,,150,28,6.0,50,0.35,52,98
Maize,33,18.2,52,4.7,7.23,33.1,6.9,91.1,1.6,vegetative,0.604,no_action,0,5,30.0,34.5,,120,26,6.8,30,0.35,42,78
Tomato,58,28.3,42,19.2,5.5,12.7,14.5,99.1,1.7,vegetative,0.705,fertilize,0,7,7.0,136.5,,110,25,6.2,35,0.35,38,72
Tomato,30,33.3,17,33.1,6.54,26.3,13.4,72.4,3.0,mature,1.0,no_action,1,5,30.0,68.5,21.0,110,25,6.2,35,0.9,99,11
Wheat,55,37.1,60,0.8,5.93,41.0,18.3,108.2,0.6,mature,0.398,no_action,1,7,30.0,0.0,,140,20,6.5,25,0.9,126,14
Wheat,20,24.2,87,7.7,5.49,32.8,29.5,130.6,4.5,mature,0.866,irrigate,0,2,30.0,36.0,14.0,140,20,6.5,25,0.9,126,14
Rice,50,33.5,85,4.3,6.33,19.4,23.8,35.4,0.0,vegetative,0.682,no_action,1,7,30.0,103.0,,150,28,6.0,50,0.35,52,98
Maize,66,26.8,53,24.6,6.25,34.0,4.2,112.0,1.2,vegetative,0.801,no_action,1,7,30.0,30.0,,120,26,6.8,30,0.35,42,78
Wheat,5,26.0,51,4.7,8.44,42.9,28.8,137.3,2.5,seedling,0.632,irrigate,1,1,30.0,0.0,,140,20,6.5,25,0.1,14,126
Tomato,26,32.3,67,53.6,6.85,6.9,18.1,83.4,2.8,seedling,0.498,fertilize,1,3,3.0,165.5,,110,25,6.2,35,0.1,11,99
Maize,50,30.9,45,20.0,5.4,50.9,21.9,128.0,1.9,mature,0.785,no_action,1,7,30.0,0.0,,120,26,6.8,30,0.9,108,12
Maize,36,17.5,65,19.7,6.05,23.9,29.7,212.6,1.9,mature,0.768,no_action,0,5,30.0,80.5,,120,26,6.8,30,0.9,108,12
Tomato,47,35.9,71,10.2,7.32,37.7,3.9,95.8,2.5,flowering,0.825,no_action,0,5,30.0,11.5,,110,25,6.2,35,0.7,77,33
Wheat,29,35.3,78,24.7,8.17,51.6,14.6,115.7,1.7,mature,0.648,no_action,1,3,30.0,0.0,,140,20,6.5,25,0.9,126,14
Tomato,42,23.2,58,44.8,5.23,5.3,9.7,70.5,3.8,seedling,0.542,fertilize,1,5,3.0,173.5,21.0,110,25,6.2,35,0.1,11,99
Maize,37,29.4,57,6.0,5.0,17.2,0.7,107.3,3.1,seedling,0.369,fertilize,0,5,7.0,114.0,21.0,120,26,6.8,30,0.1,12,108
Potato,61,30.0,47,0.3,8.0,24.8,18.5,118.4,3.1,seedling,0.797,pesticide,0,7,30.0,76.0,21.0,90,18,5.5,20,0.1,9,81
Potato,45,28.6,48,10.9,6.81,15.9,40.1,107.8,0.7,vegetative,0.726,fertilize,0,5,7.0,120.5,,90,18,5.5,20,0.35,31,59
Rice,46,23.7,57,20.4,5.81,61.2,3.4,59.2,1.9,vegetative,0.476,no_action,1,5,30.0,0.0,,150,28,6.0,50,0.35,52,98
Tomato,33,23.0,66,4.6,6.93,14.6,14.7,108.3,1.6,mature,0.553,fertilize,0,5,7.0,127.0,,110,25,6.2,35,0.9,99,11
Tomato,31,26.8,74,5.7,4.39,20.0,21.4,158.5,0.7,flowering,0.566,no_action,0,5,30.0,100.0,,110,25,6.2,35,0.7,77,33
Rice,32,34.0,48,46.2,6.5,33.7,16.2,117.9,2.5,flowering,0.383,no_action,1,5,30.0,31.5,,150,28,6.0,50,0.7,105,45
Rice,47,30.3,82,27.9,6.76,8.4,13.9,138.5,1.3,flowering,0.503,fertilize,1,5,3.0,158.0,,150,28,6.0,50,0.7,105,45
Rice,32,24.8,56,25.8,7.24,22.9,2.0,90.5,2.9,vegetative,0.446,no_action,1,5,30.0,85.5,,150,28,6.0,50,0.35,52,98
Maize,45,31.6,60,45.5,5.69,35.7,17.3,130.0,0.6,seedling,0.576,no_action,0,5,30.0,21.5,,120,26,6.8,30,0.1,12,108
Tomato,77,9.9,49,15.9,6.57,24.0,7.4,111.2,4.2,seedling,0.517,pesticide,1,14,30.0,80.0,14.0,110,25,6.2,35,0.1,11,99
Maize,56,33.9,24,31.7,5.76,28.3,6.9,62.0,0.8,vegetative,0.357,no_action,0,7,30.0,58.5,,120,26,6.8,30,0.35,42,78
Rice,34,16.6,73,16.9,6.7,20.5,26.9,112.7,2.3,flowering,1.0,no_action,0,5,30.0,97.5,,150,28,6.0,50,0.7,105,45
Tomato,62,24.8,71,28.0,5.78,2.7,24.6,60.3,3.0,flowering,0.875,fertilize,1,7,3.0,186.5,21.0,110,25,6.2,35,0.7,77,33
Maize,33,20.3,56,2.5,6.17,35.8,15.5,74.7,1.3,mature,0.51,no_action,0,5,30.0,21.0,,120,26,6.8,30,0.9,108,12
Maize,5,19.2,61,53.2,5.7,61.6,17.3,107.6,3.1,mature,0.699,pesticide,0,3,30.0,0.0,21.0,120,26,6.8,30,0.9,108,12
Rice,22,34.0,68,16.0,7.02,30.3,25.7,111.9,0.4,flowering,0.725,no_action,0,3,30.0,48.5,,150,28,6.0,50,0.7,105,45
Tomato,6,24.2,37,62.7,7.19,34.1,17.2,52.4,3.9,vegetative,0.864,pesticide,1,3,30.0,29.5,21.0,110,25,6.2,35,0.35,38,72
Rice,34,29.1,52,47.8,6.31,42.5,24.0,142.2,2.0,flowering,0.503,no_action,0,5,30.0,0.0,,150,28,6.0,50,0.7,105,45
Tomato,40,26.7,72,49.0,6.53,7.2,12.0,122.9,1.2,mature,0.847,fertilize,0,5,3.0,164.0,,110,25,6.2,35,0.9,99,11
Potato,70,29.9,41,57.1,5.34,60.6,28.1,71.8,1.6,flowering,0.551,no_action,0,7,30.0,0.0,,90,18,5.5,20,0.7,62,28
Wheat,46,27.5,64,22.7,6.26,33.6,18.2,38.5,3.1,vegetative,0.41,pesticide,1,5,30.0,32.0,21.0,140,20,6.5,25,0.35,49,91
Wheat,36,19.3,40,25.9,6.46,59.4,16.9,94.2,1.2,seedling,0.78,no_action,0,5,30.0,0.0,,140,20,6.5,25,0.1,14,126
Wheat,55,33.0,67,1.5,8.6,16.8,2.3,82.2,1.0,vegetative,0.882,fertilize,0,7,7.0,116.0,,140,20,6.5,25,0.35,49,91
Rice,5,24.0,59,10.5,5.61,62.7,17.9,104.5,1.7,vegetative,1.0,no_action,1,3,30.0,0.0,,150,28,6.0,50,0.35,52,98
Potato,44,17.7,36,38.5,7.67,44.0,6.7,85.5,0.5,mature,0.434,no_action,0,5,30.0,0.0,,90,18,5.5,20,0.9,81,9
Tomato,54,24.4,77,56.1,7.3,40.0,8.6,19.7,4.4,vegetative,0.776,pesticide,1,7,30.0,0.0,14.0,110,25,6.2,35,0.35,38,72
Maize,13,36.0,49,15.8,6.72,34.2,6.8,84.5,1.3,vegetative,0.576,no_action,1,3,30.0,29.0,,120,26,6.8,30,0.35,42,78
Tomato,61,32.1,48,6.5,7.91,25.5,4.3,87.8,3.1,mature,0.791,pesticide,1,7,30.0,72.5,21.0,110,25,6.2,35,0.9,99,11
Maize,46,24.9,63,20.0,6.8,51.6,36.2,125.3,2.3,mature,0.385,no_action,1,5,30.0,0.0,,120,26,6.8,30,0.9,108,12
Tomato,33,24.9,77,38.0,6.81,32.5,28.3,72.1,0.7,seedling,0.423,no_action,1,5,30.0,37.5,,110,25,6.2,35,0.1,11,99
Potato,51,25.1,45,23.3,6.46,5.4,34.2,167.1,2.0,flowering,0.51,fertilize,1,7,3.0,173.0,,90,18,5.5,20,0.7,62,28
Maize,81,39.5,61,48.9,7.48,9.9,2.8,23.5,3.0,vegetative,0.664,fertilize,0,14,3.0,150.5,21.0,120,26,6.8,30,0.35,42,78
Rice,43,29.3,66,3.5,7.38,26.7,15.7,152.4,1.8,mature,0.535,no_action,1,5,30.0,66.5,,150,28,6.0,50,0.9,135,15
Tomato,44,29.6,70,16.6,6.0,35.6,2.1,91.0,3.6,seedling,0.769,pesticide,1,5,30.0,22.0,21.0,110,25,6.2,35,0.1,11,99
Tomato,32,33.2,63,4.8,5.44,29.0,8.0,134.4,3.3,flowering,0.835,pesticide,1,5,30.0,55.0,21.0,110,25,6.2,35,0.7,77,33
Maize,25,28.4,54,15.6,6.34,51.9,5.8,103.2,3.2,mature,0.758,pesticide,0,3,30.0,0.0,21.0,120,26,6.8,30,0.9,108,12
Rice,55,25.4,48,6.4,5.86,5.1,27.4,145.6,1.4,flowering,0.941,fertilize,0,7,3.0,174.5,,150,28,6.0,50,0.7,105,45
Rice,25,25.8,61,63.6,6.45,32.6,11.0,84.5,0.6,flowering,0.725,no_action,1,3,30.0,37.0,,150,28,6.0,50,0.7,105,45
Potato,41,26.6,44,29.8,7.49,2.7,25.7,56.1,1.2,vegetative,0.431,fertilize,0,5,3.0,186.5,,90,18,5.5,20,0.35,31,59
Rice,31,26.8,16,29.0,6.13,43.7,21.0,156.8,2.3,vegetative,0.895,no_action,0,5,30.0,0.0,,150,28,6.0,50,0.35,52,98
Rice,49,31.4,67,38.7,6.47,28.3,38.0,95.5,2.7,mature,0.541,no_action,0,5,30.0,58.5,,150,28,6.0,50,0.9,135,15
Rice,46,27.3,74,14.2,6.55,37.6,0.2,108.9,0.0,flowering,0.814,no_action,1,5,30.0,12.0,,150,28,6.0,50,0.7,105,45
Wheat,59,31.4,25,51.2,7.18,14.5,27.6,149.4,2.0,mature,0.933,fertilize,0,7,7.0,127.5,,140,20,6.5,25,0.9,126,14
Potato,31,26.5,45,17.7,4.7,53.0,26.5,58.7,2.2,mature,0.732,no_action,1,5,30.0,0.0,,90,18,5.5,20,0.9,81,9
Tomato,35,27.5,69,40.1,6.01,48.8,5.3,123.8,1.6,flowering,0.381,no_action,1,5,30.0,0.0,,110,25,6.2,35,0.7,77,33
Maize,22,15.0,91,12.2,6.67,40.5,25.1,76.4,3.7,mature,0.485,pesticide,0,3,30.0,0.0,21.0,120,26,6.8,30,0.9,108,12
Tomato,32,32.5,60,26.6,7.46,27.7,18.4,94.7,2.5,flowering,0.888,no_action,1,5,30.0,61.5,,110,25,6.2,35,0.7,77,33
Potato,47,29.1,49,44.5,6.11,40.4,12.7,102.9,3.7,flowering,0.62,pesticide,0,5,30.0,0.0,21.0,90,18,5.5,20,0.7,62,28
Maize,54,33.0,57,31.3,5.0,17.3,6.8,40.0,1.7,flowering,0.664,fertilize,0,7,7.0,113.5,,120,26,6.8,30,0.7,84,36
Potato,23,9.6,81,7.1,7.0,45.4,7.8,68.8,3.2,flowering,0.787,irrigate,0,2,30.0,0.0,21.0,90,18,5.5,20,0.7,62,28
Rice,56,39.5,50,6.1,5.99,59.7,35.5,154.0,4.1,seedling,0.775,pesticide,0,7,30.0,0.0,14.0,150,28,6.0,50,0.1,15,135
Maize,64,26.2,48,53.8,5.55,49.3,15.0,135.4,3.7,flowering,0.7,pesticide,0,7,30.0,0.0,21.0,120,26,6.8,30,0.7,84,36
Rice,47,33.6,53,15.7,6.0,16.9,22.8,97.5,0.6,vegetative,0.612,fertilize,0,5,7.0,115.5,,150,28,6.0,50,0.35,52,98
Tomato,74,20.8,46,69.3,6.35,36.5,7.1,109.7,1.7,vegetative,0.594,no_action,0,7,30.0,17.5,,110,25,6.2,35,0.35,38,72
Tomato,26,30.7,62,7.0,6.02,6.7,7.2,88.2,1.6,vegetative,0.804,irrigate,1,2,10.0,166.5,,110,25,6.2,35,0.35,38,72
Maize,18,20.7,84,39.2,4.74,40.3,25.8,154.3,2.6,flowering,0.75,no_action,0,3,30.0,0.0,,120,26,6.8,30,0.7,84,36
Maize,8,23.3,65,10.1,7.22,38.1,1.5,92.0,2.9,vegetative,0.604,no_action,1,3,30.0,10.0,,120,26,6.8,30,0.35,42,78
Potato,67,38.5,56,38.1,7.52,3.7,10.8,109.3,0.9,seedling,0.845,fertilize,0,7,3.0,181.5,,90,18,5.5,20,0.1,9,81
Potato,52,25.9,56,3.7,7.02,9.1,15.3,145.8,2.1,mature,0.627,fertilize,0,7,3.0,154.5,,90,18,5.5,20,0.9,81,9
Rice,39,28.3,37,15.1,5.59,24.9,16.1,68.9,0.0,flowering,0.497,no_action,0,5,30.0,75.5,,150,28,6.0,50,0.7,105,45
Maize,45,32.2,73,21.2,6.34,24.6,13.2,162.4,3.9,vegetative,0.513,pesticide,1,5,30.0,77.0,21.0,120,26,6.8,30,0.35,42,78
Tomato,20,30.0,59,10.1,6.49,8.2,19.0,38.8,1.3,seedling,0.474,fertilize,0,3,3.0,159.0,,110,25,6.2,35,0.1,11,99
Potato,84,27.9,57,42.2,6.98,37.0,21.9,165.2,2.1,mature,0.601,no_action,1,14,30.0,15.0,,90,18,5.5,20,0.9,81,9
Potato,42,29.2,100,4.6,7.03,34.5,22.3,85.1,1.6,seedling,0.872,no_action,0,5,30.0,27.5,,90,18,5.5,20,0.1,9,81
Tomato,42,41.4,64,13.1,5.91,26.5,5.1,90.3,3.5,vegetative,0.505,pesticide,1,5,30.0,67.5,21.0,110,25,6.2,35,0.35,38,72
Potato,53,26.7,49,9.8,6.57,16.4,12.2,24.4,0.0,seedling,0.684,fertilize,1,7,7.0,118.0,,90,18,5.5,20,0.1,9,81
Rice,49,28.2,54,56.9,6.87,48.9,26.9,81.8,2.0,mature,0.532,no_action,1,5,30.0,0.0,,150,28,6.0,50,0.9,135,15
Maize,44,33.3,77,14.3,7.66,59.8,23.9,58.4,1.9,vegetative,0.603,no_action,0,5,30.0,0.0,,120,26,6.8,30,0.35,42,78
Tomato,26,33.6,62,92.4,7.06,21.3,1.3,75.7,1.4,mature,0.378,no_action,1,3,30.0,93.5,,110,25,6.2,35,0.9,99,11
Maize,48,34.1,38,43.5,7.13,19.0,18.5,94.5,4.2,seedling,0.61,pesticide,0,5,30.0,105.0,14.0,120,26,6.8,30,0.1,12,108
Potato,74,30.8,74,19.4,6.57,38.8,4.8,138.3,0.8,flowering,0.615,no_action,0,7,30.0,10.0,,90,18,5.5,20,0.7,62,28
Potato,64,20.1,50,12.1,7.63,23.6,15.5,108.3,3.0,flowering,0.747,no_action,1,7,30.0,82.0,21.0,90,18,5.5,20,0.7,62,28
Tomato,69,36.8,88,20.7,6.83,27.5,34.0,112.3,2.5,flowering,0.69,no_action,0,7,30.0,62.5,,110,25,6.2,35,0.7,77,33
Rice,31,20.1,76,36.4,5.81,43.3,5.5,56.2,3.6,flowering,0.434,pesticide,0,5,30.0,0.0,21.0,150,28,6.0,50,0.7,105,45
Wheat,22,28.8,53,15.4,7.62,4.4,6.7,64.8,1.1,mature,0.845,fertilize,0,3,3.0,178.0,,140,20,6.5,25,0.9,126,14
Tomato,38,22.5,79,53.4,7.06,53.7,22.6,171.9,1.0,flowering,0.688,no_action,0,5,30.0,0.0,,110,25,6.2,35,0.7,77,33
Wheat,41,26.6,61,41.5,6.15,31.3,0.4,70.6,3.4,mature,0.686,pesticide,0,5,30.0,43.5,21.0,140,20,6.5,25,0.9,126,14
Wheat,60,29.0,73,41.5,6.12,22.6,8.7,166.2,2.6,vegetative,0.648,no_action,0,7,30.0,87.0,,140,20,6.5,25,0.35,49,91
Rice,10,28.9,67,33.2,6.74,28.4,21.0,90.3,0.0,flowering,0.557,no_action,0,3,30.0,58.0,,150,28,6.0,50,0.7,105,45
Wheat,68,29.5,47,20.6,6.87,29.3,8.7,100.1,1.3,mature,0.689,no_action,0,7,30.0,53.5,,140,20,6.5,25,0.9,126,14
Wheat,37,36.7,50,40.2,6.66,1.2,12.6,142.8,2.5,flowering,0.736,fertilize,0,5,3.0,194.0,,140,20,6.5,25,0.7,98,42
Rice,32,29.7,75,37.8,6.75,56.9,22.4,150.9,3.1,flowering,0.336,pesticide,1,5,30.0,0.0,21.0,150,28,6.0,50,0.7,105,45
Wheat,22,25.5,55,9.4,7.86,30.7,19.2,95.6,1.1,flowering,0.553,irrigate,1,2,30.0,46.5,,140,20,6.5,25,0.7,98,42
Wheat,10,32.8,54,2.8,7.36,38.0,17.7,84.5,0.0,mature,0.604,irrigate,0,1,30.0,10.0,,140,20,6.5,25,0.9,126,14
Wheat,55,34.1,46,23.1,6.65,47.1,11.6,97.8,2.7,seedling,0.696,no_action,0,7,30.0,0.0,,140,20,6.5,25,0.1,14,126
Tomato,41,19.6,66,66.5,7.25,11.6,18.7,113.5,0.4,flowering,0.865,fertilize,1,5,7.0,142.0,,110,25,6.2,35,0.7,77,33
Tomato,17,30.6,91,17.2,5.67,38.5,13.8,135.7,0.0,flowering,0.511,no_action,1,3,30.0,10.0,,110,25,6.2,35,0.7,77,33
Tomato,17,31.2,44,24.0,6.82,25.2,19.6,100.2,0.0,vegetative,0.56,no_action,1,3,30.0,74.0,,110,25,6.2,35,0.35,38,72
Rice,34,25.2,60,24.9,7.95,45.2,10.0,124.8,3.1,seedling,0.558,pesticide,1,5,30.0,0.0,21.0,150,28,6.0,50,0.1,15,135
Potato,70,35.3,81,21.5,6.33,8.3,13.2,165.5,2.2,mature,0.506,fertilize,0,7,3.0,158.5,,90,18,5.5,20,0.9,81,9
Wheat,35,26.1,59,25.2,5.82,28.2,5.1,115.3,1.7,vegetative,0.588,no_action,1,5,30.0,59.0,,140,20,6.5,25,0.35,49,91
Wheat,13,27.8,67,27.3,5.98,19.1,14.6,112.5,3.8,flowering,0.789,pesticide,0,3,30.0,104.5,21.0,140,20,6.5,25,0.7,98,42
Rice,36,26.0,44,13.3,5.63,37.8,6.9,39.2,2.8,vegetative,0.46,no_action,0,5,30.0,11.0,,150,28,6.0,50,0.35,52,98
Wheat,35,27.1,66,64.7,5.87,38.5,3.9,5.2,4.1,vegetative,0.727,pesticide,0,5,30.0,10.0,14.0,140,20,6.5,25,0.35,49,91
Tomato,5,20.4,57,28.0,6.2,17.3,17.6,115.5,0.2,flowering,0.344,fertilize,0,3,7.0,113.5,,110,25,6.2,35,0.7,77,33
Potato,39,18.4,75,4.9,5.38,17.2,17.1,96.2,2.0,seedling,0.549,fertilize,0,5,7.0,114.0,,90,18,5.5,20,0.1,9,81
Maize,36,36.6,78,16.9,6.51,28.0,22.8,79.4,0.0,seedling,0.591,no_action,1,5,30.0,60.0,,120,26,6.8,30,0.1,12,108
Wheat,53,21.9,99,29.3,7.22,13.9,10.7,109.7,1.7,vegetative,0.951,fertilize,0,7,7.0,130.5,,140,20,6.5,25,0.35,49,91
Tomato,73,21.1,69,14.7,5.77,45.2,19.1,97.6,1.7,flowering,0.601,no_action,1,7,30.0,0.0,,110,25,6.2,35,0.7,77,33
Maize,60,14.1,65,69.8,7.72,23.4,20.5,145.1,2.8,mature,0.254,no_action,0,7,30.0,83.0,,120,26,6.8,30,0.9,108,12
Potato,35,23.2,63,20.6,6.91,22.3,19.4,103.4,2.1,vegetative,0.29,no_action,1,5,30.0,88.5,,90,18,5.5,20,0.35,31,59
Maize,20,19.1,55,26.9,7.32,23.3,6.7,70.1,2.8,mature,0.656,no_action,1,3,30.0,83.5,,120,26,6.8,30,0.9,108,12
Tomato,86,36.9,65,17.8,5.97,11.3,16.5,139.6,2.9,vegetative,0.76,fertilize,0,14,7.0,143.5,,110,25,6.2,35,0.35,38,72
Maize,41,33.1,56,1.5,7.18,0.6,18.6,91.3,4.8,vegetative,0.718,fertilize,0,5,3.0,197.0,14.0,120,26,6.8,30,0.35,42,78
Rice,40,22.9,63,8.7,5.63,7.7,15.1,121.1,1.6,flowering,0.68,fertilize,1,5,3.0,161.5,,150,28,6.0,50,0.7,105,45
Maize,40,40.5,80,10.5,7.21,32.0,5.9,80.9,0.8,flowering,0.859,no_action,0,5,30.0,40.0,,120,26,6.8,30,0.7,84,36
Wheat,44,32.9,45,58.4,6.64,53.9,16.6,74.0,2.3,mature,0.553,no_action,1,5,30.0,0.0,,140,20,6.5,25,0.9,126,14
Wheat,37,25.1,77,36.7,6.94,35.6,37.1,103.4,1.0,mature,0.811,no_action,1,5,30.0,22.0,,140,20,6.5,25,0.9,126,14
Rice,30,12.0,80,13.3,5.56,19.1,11.4,100.5,3.9,seedling,0.356,pesticide,1,5,30.0,104.5,21.0,150,28,6.0,50,0.1,15,135
Tomato,30,40.7,58,27.4,5.78,38.2,7.7,119.2,1.6,flowering,0.487,no_action,1,5,30.0,10.0,,110,25,6.2,35,0.7,77,33
Wheat,39,18.7,28,34.9,6.98,21.7,18.7,89.3,1.3,vegetative,0.325,no_action,0,5,30.0,91.5,,140,20,6.5,25,0.35,49,91
Potato,30,17.1,51,54.2,5.74,17.5,18.1,26.5,1.4,vegetative,0.601,fertilize,0,5,7.0,112.5,,90,18,5.5,20,0.35,31,59
Wheat,27,33.1,79,67.4,6.87,9.2,26.9,82.7,2.9,seedling,0.642,fertilize,0,3,3.0,154.0,,140,20,6.5,25,0.1,14,126
Wheat,42,41.6,60,10.5,5.41,1.5,2.4,131.8,1.8,flowering,0.671,fertilize,0,5,3.0,192.5,,140,20,6.5,25,0.7,98,42
Tomato,35,35.3,45,4.3,7.18,23.0,22.3,88.1,1.2,vegetative,0.661,no_action,0,5,30.0,85.0,,110,25,6.2,35,0.35,38,72
Maize,67,30.4,52,17.7,5.51,32.8,20.9,90.1,4.2,seedling,0.483,pesticide,1,7,30.0,36.0,14.0,120,26,6.8,30,0.1,12,108
Wheat,5,30.6,73,13.0,6.94,28.3,13.6,139.5,0.9,seedling,0.616,no_action,1,3,30.0,58.5,,140,20,6.5,25,0.1,14,126
Rice,60,32.1,68,34.0,7.0,22.5,18.4,71.5,2.0,vegetative,0.38,no_action,1,7,30.0,87.5,,150,28,6.0,50,0.35,52,98
Maize,62,31.6,56,49.6,5.94,13.0,25.3,38.3,2.8,vegetative,0.895,fertilize,1,7,7.0,135.0,,120,26,6.8,30,0.35,42,78
Potato,5,28.7,54,17.7,6.97,40.9,23.7,93.6,0.0,mature,0.595,no_action,1,3,30.0,0.0,,90,18,5.5,20,0.9,81,9
Tomato,34,27.6,54,10.4,6.71,6.3,3.6,80.6,2.6,flowering,0.562,fertilize,0,5,3.0,168.5,,110,25,6.2,35,0.7,77,33
Potato,33,26.6,46,24.6,6.07,44.0,23.2,61.4,0.6,mature,0.936,no_action,0,5,30.0,0.0,,90,18,5.5,20,0.9,81,9
Maize,15,22.5,84,5.1,5.69,12.0,14.4,93.0,3.1,seedling,0.426,irrigate,1,2,20.0,140.0,21.0,120,26,6.8,30,0.1,12,108
Maize,26,25.3,55,82.7,4.93,16.5,15.7,119.7,0.7,vegetative,0.447,fertilize,1,3,7.0,117.5,,120,26,6.8,30,0.35,42,78
Maize,20,16.8,78,28.2,6.78,3.6,15.7,99.6,2.9,mature,0.453,fertilize,0,3,3.0,182.0,,120,26,6.8,30,0.9,108,12
Potato,72,26.4,83,25.5,5.25,21.0,13.5,112.3,3.4,seedling,0.638,pesticide,1,7,30.0,95.0,21.0,90,18,5.5,20,0.1,9,81
Maize,57,21.1,75,80.7,6.58,47.6,26.9,172.5,3.1,flowering,0.728,pesticide,1,7,30.0,0.0,21.0,120,26,6.8,30,0.7,84,36
Potato,63,20.4,54,20.2,6.29,39.3,14.2,86.3,2.3,vegetative,0.783,no_action,0,7,30.0,10.0,,90,18,5.5,20,0.35,31,59
Maize,53,28.1,66,14.3,7.04,47.6,3.8,111.1,1.7,mature,1.0,no_action,0,7,30.0,0.0,,120,26,6.8,30,0.9,108,12
Rice,20,35.4,60,9.3,6.26,39.4,11.1,79.6,1.3,flowering,0.245,irrigate,1,2,30.0,10.0,,150,28,6.0,50,0.7,105,45
Maize,31,32.5,46,14.6,6.24,10.1,16.8,66.1,3.9,mature,0.76,fertilize,0,5,7.0,149.5,21.0,120,26,6.8,30,0.9,108,12
Potato,49,17.6,65,61.2,7.09,24.0,27.3,76.6,1.1,seedling,0.55,no_action,0,5,30.0,80.0,,90,18,5.5,20,0.1,9,81
Wheat,18,21.1,42,46.4,6.77,16.0,21.0,80.8,0.7,flowering,0.544,fertilize,0,3,7.0,120.0,,140,20,6.5,25,0.7,98,42
Maize,53,32.6,78,66.0,6.75,54.0,6.5,114.4,2.9,mature,0.538,no_action,1,7,30.0,0.0,,120,26,6.8,30,0.9,108,12
Wheat,36,21.1,53,22.7,6.88,8.5,39.9,194.0,1.0,flowering,0.486,fertilize,1,5,3.0,157.5,,140,20,6.5,25,0.7,98,42
Rice,33,25.7,63,12.0,5.27,46.1,17.6,71.4,0.8,seedling,0.953,no_action,0,5,30.0,0.0,,150,28,6.0,50,0.1,15,135
Tomato,53,30.3,64,7.1,7.11,46.1,27.8,83.3,0.1,flowering,0.802,no_action,0,7,30.0,0.0,,110,25,6.2,35,0.7,77,33
Rice,48,21.2,56,37.7,6.99,62.9,13.5,97.5,1.4,mature,0.654,no_action,1,5,30.0,0.0,,150,28,6.0,50,0.9,135,15
Maize,34,27.6,69,27.9,5.69,22.6,20.3,115.8,1.9,seedling,0.893,no_action,0,5,30.0,87.0,,120,26,6.8,30,0.1,12,108
Wheat,61,19.0,53,33.9,6.3,42.8,23.4,110.5,2.3,vegetative,0.378,no_action,1,7,30.0,0.0,,140,20,6.5,25,0.35,49,91
Wheat,21,23.4,73,80.7,6.47,71.1,27.2,151.4,3.2,mature,0.41,pesticide,0,3,30.0,0.0,21.0,140,20,6.5,25,0.9,126,14
Potato,51,28.9,40,20.9,6.39,18.9,25.6,2.9,2.7,mature,0.258,no_action,1,7,30.0,105.5,,90,18,5.5,20,0.9,81,9
Wheat,51,17.4,62,25.7,6.77,2.4,23.7,4.5,1.8,seedling,0.524,fertilize,1,7,3.0,188.0,,140,20,6.5,25,0.1,14,126
Potato,34,29.6,89,0.1,7.65,3.8,11.8,80.2,1.7,seedling,0.679,fertilize,0,5,3.0,181.0,,90,18,5.5,20,0.1,9,81
Tomato,46,26.9,45,32.8,7.37,42.8,9.3,143.9,2.7,vegetative,0.669,no_action,0,5,30.0,0.0,,110,25,6.2,35,0.35,38,72
Maize,17,30.3,50,20.6,5.45,3.9,18.3,37.4,3.7,mature,0.677,fertilize,0,3,3.0,180.5,21.0,120,26,6.8,30,0.9,108,12
Potato,57,28.3,68,0.8,7.0,23.3,24.3,20.3,2.2,seedling,0.396,no_action,0,7,30.0,83.5,,90,18,5.5,20,0.1,9,81
Tomato,37,35.2,63,34.6,7.56,37.9,12.8,122.8,1.4,vegetative,0.795,no_action,1,5,30.0,10.5,,110,25,6.2,35,0.35,38,72
Wheat,31,27.8,65,74.1,6.81,33.3,25.7,109.7,0.7,vegetative,0.693,no_action,0,5,30.0,33.5,,140,20,6.5,25,0.35,49,91
Wheat,59,24.4,67,14.3,7.37,37.7,29.5,56.4,0.1,seedling,0.782,no_action,0,7,30.0,11.5,,140,20,6.5,25,0.1,14,126
Tomato,27,27.7,70,41.6,8.11,34.0,5.8,60.6,2.9,mature,0.309,no_action,0,3,30.0,30.0,,110,25,6.2,35,0.9,99,11
Wheat,15,30.3,77,18.8,7.32,53.0,6.6,61.2,2.8,flowering,0.706,no_action,1,3,30.0,0.0,,140,20,6.5,25,0.7,98,42
Tomato,12,27.3,66,8.7,6.7,12.9,13.6,104.4,2.8,flowering,0.436,irrigate,1,1,20.0,135.5,,110,25,6.2,35,0.7,77,33
Potato,51,27.2,56,34.2,7.34,17.8,18.1,74.9,1.8,vegetative,0.578,fertilize,1,7,7.0,111.0,,90,18,5.5,20,0.35,31,59
Potato,17,22.8,70,64.5,6.62,16.1,9.8,119.8,3.8,flowering,0.746,fertilize,0,3,7.0,119.5,21.0,90,18,5.5,20,0.7,62,28
Tomato,72,23.0,88,30.7,6.52,44.9,28.5,14.2,1.4,flowering,0.666,no_action,0,7,30.0,0.0,,110,25,6.2,35,0.7,77,33
Potato,5,18.6,58,10.6,6.22,46.2,19.2,65.7,3.2,seedling,0.497,pesticide,1,3,30.0,0.0,21.0,90,18,5.5,20,0.1,9,81
Potato,71,37.5,45,20.0,7.75,38.1,15.4,55.0,1.9,vegetative,0.651,no_action,1,7,30.0,10.0,,90,18,5.5,20,0.35,31,59
Potato,44,19.5,77,17.5,5.85,51.3,0.6,89.7,1.2,mature,0.374,no_action,1,5,30.0,0.0,,90,18,5.5,20,0.9,81,9
Rice,38,22.8,58,38.1,7.73,8.8,1.8,78.5,2.8,vegetative,0.857,fertilize,0,5,3.0,156.0,,150,28,6.0,50,0.35,52,98
Maize,30,22.7,27,46.5,6.9,60.0,17.8,131.9,2.5,seedling,0.613,no_action,1,5,30.0,0.0,,120,26,6.8,30,0.1,12,108
Wheat,47,32.4,73,6.4,5.38,57.4,6.3,25.6,2.5,flowering,0.851,no_action,0,5,30.0,0.0,,140,20,6.5,25,0.7,98,42
Rice,39,25.2,52,5.9,6.79,43.2,25.1,101.8,2.1,mature,0.555,no_action,0,5,30.0,0.0,,150,28,6.0,50,0.9,135,15
Potato,60,34.5,59,28.0,4.82,62.1,13.4,122.3,2.0,vegetative,0.556,no_action,1,7,30.0,0.0,,90,18,5.5,20,0.35,31,59
Tomato,42,23.0,65,6.9,7.0,0.2,47.4,174.3,5.0,flowering,0.512,fertilize,0,5,3.0,199.0,14.0,110,25,6.2,35,0.7,77,33
Potato,43,28.7,63,18.0,7.21,20.6,38.1,80.7,3.5,vegetative,0.808,pesticide,1,5,30.0,97.0,21.0,90,18,5.5,20,0.35,31,59
Maize,33,22.0,71,83.0,6.03,16.8,13.2,113.0,2.9,mature,0.522,fertilize,0,5,7.0,116.0,,120,26,6.8,30,0.9,108,12
Potato,39,39.9,53,12.6,6.6,43.0,13.9,27.8,2.1,vegetative,0.766,no_action,1,5,30.0,0.0,,90,18,5.5,20,0.35,31,59
Tomato,46,19.9,68,9.2,8.06,11.1,25.0,4.3,3.3,vegetative,0.581,fertilize,0,5,7.0,144.5,21.0,110,25,6.2,35,0.35,38,72
Maize,9,28.9,56,0.6,6.1,43.6,32.0,133.8,2.7,vegetative,0.294,irrigate,1,1,30.0,0.0,,120,26,6.8,30,0.35,42,78
Potato,16,30.8,71,42.3,5.65,54.7,1.4,99.8,2.0,flowering,0.547,no_action,1,3,30.0,0.0,,90,18,5.5,20,0.7,62,28
Maize,53,29.5,69,14.6,7.69,42.5,2.9,147.1,1.6,mature,0.438,no_action,1,7,30.0,0.0,,120,26,6.8,30,0.9,108,12
Wheat,43,25.9,46,0.5,8.07,35.1,8.8,45.1,1.9,mature,0.656,no_action,1,5,30.0,24.5,,140,20,6.5,25,0.9,126,14
Wheat,37,26.2,76,59.6,6.5,12.2,20.8,120.8,0.0,flowering,0.436,fertilize,1,5,7.0,139.0,,140,20,6.5,25,0.7,98,42
Potato,40,27.3,52,62.6,7.31,14.8,20.0,174.8,2.3,flowering,0.817,fertilize,0,5,7.0,126.0,,90,18,5.5,20,0.7,62,28
Maize,46,26.1,72,2.0,7.57,52.5,25.7,116.8,1.4,flowering,0.634,no_action,0,5,30.0,0.0,,120,26,6.8,30,0.7,84,36
Tomato,30,32.8,66,36.0,5.91,44.0,3.0,111.1,4.1,seedling,0.618,pesticide,1,5,30.0,0.0,14.0,110,25,6.2,35,0.1,11,99
Potato,26,40.3,88,50.2,6.11,29.3,8.2,100.3,2.0,vegetative,0.768,no_action,0,3,30.0,53.5,,90,18,5.5,20,0.35,31,59
Wheat,44,23.7,57,0.5,7.48,22.5,23.6,37.2,0.5,vegetative,0.824,no_action,1,5,30.0,87.5,,140,20,6.5,25,0.35,49,91
Wheat,22,18.8,55,43.7,7.85,6.5,6.7,154.2,1.9,mature,0.646,fertilize,1,3,3.0,167.5,,140,20,6.5,25,0.9,126,14
Potato,47,26.5,60,39.1,6.95,10.7,5.2,75.6,0.6,vegetative,0.511,fertilize,1,5,7.0,146.5,,90,18,5.5,20,0.35,31,59
Maize,9,42.5,55,46.8,5.8,64.4,16.5,120.2,2.6,seedling,0.331,no_action,0,3,30.0,0.0,,120,26,6.8,30,0.1,12,108
Wheat,59,22.2,72,16.3,8.09,7.0,22.9,37.5,2.4,flowering,0.527,fertilize,0,7,3.0,165.0,,140,20,6.5,25,0.7,98,42
Maize,49,36.8,36,41.9,6.08,33.4,13.8,52.8,3.2,mature,0.539,pesticide,1,5,30.0,33.0,21.0,120,26,6.8,30,0.9,108,12
Wheat,45,37.1,44,20.4,6.23,48.1,10.4,157.4,1.0,mature,0.669,no_action,0,5,30.0,0.0,,140,20,6.5,25,0.9,126,14
Wheat,58,23.7,44,8.6,6.77,7.4,13.4,86.1,2.0,vegetative,0.588,fertilize,0,7,3.0,163.0,,140,20,6.5,25,0.35,49,91
Rice,70,30.4,74,7.8,7.74,33.3,11.3,158.1,0.2,mature,0.774,no_action,1,7,30.0,33.5,,150,28,6.0,50,0.9,135,15
Wheat,58,36.8,86,40.6,7.18,46.9,1.5,96.9,2.9,flowering,0.54,no_action,0,7,30.0,0.0,,140,20,6.5,25,0.7,98,42
Tomato,7,24.7,58,23.2,6.83,30.2,7.9,26.3,2.7,mature,0.64,no_action,0,3,30.0,49.0,,110,25,6.2,35,0.9,99,11
Potato,17,25.8,57,37.5,6.87,81.6,20.2,135.7,2.6,flowering,0.863,no_action,0,3,30.0,0.0,,90,18,5.5,20,0.7,62,28
Potato,29,23.5,61,79.3,6.53,0.0,18.2,76.4,2.0,seedling,0.712,fertilize,0,3,3.0,200.0,,90,18,5.5,20,0.1,9,81
Maize,40,20.9,77,26.9,6.95,49.1,16.7,127.9,2.5,seedling,0.639,no_action,1,5,30.0,0.0,,120,26,6.8,30,0.1,12,108
Wheat,49,23.1,46,68.5,4.48,26.9,5.0,101.0,4.1,flowering,0.542,pesticide,1,5,30.0,65.5,14.0,140,20,6.5,25,0.7,98,42
Tomato,27,19.7,64,23.1,6.26,43.9,13.2,38.3,1.6,vegetative,0.536,no_action,1,3,30.0,0.0,,110,25,6.2,35,0.35,38,72
Maize,43,27.2,75,7.0,6.69,37.9,6.8,106.6,2.2,mature,0.497,no_action,1,5,30.0,10.5,,120,26,6.8,30,0.9,108,12
Rice,26,22.4,68,19.9,5.58,16.8,16.8,187.8,0.6,vegetative,0.553,fertilize,1,3,7.0,116.0,,150,28,6.0,50,0.35,52,98
Maize,29,28.4,63,14.3,6.81,34.1,29.3,119.7,0.9,mature,0.786,no_action,0,3,30.0,29.5,,120,26,6.8,30,0.9,108,12
Maize,15,17.7,75,47.6,6.34,3.4,0.3,97.7,2.1,seedling,0.61,fertilize,1,3,3.0,183.0,,120,26,6.8,30,0.1,12,108
Wheat,23,29.0,19,16.2,7.9,40.9,9.1,143.0,3.4,seedling,0.407,pesticide,0,3,30.0,0.0,21.0,140,20,6.5,25,0.1,14,126
Rice,16,32.0,70,65.3,7.76,35.4,18.3,108.4,1.7,seedling,0.968,no_action,1,3,30.0,23.0,,150,28,6.0,50,0.1,15,135
Maize,22,15.0,50,23.5,6.13,41.5,27.5,108.4,1.7,mature,0.708,no_action,0,3,30.0,0.0,,120,26,6.8,30,0.9,108,12
Tomato,59,29.2,33,19.6,6.38,49.0,10.5,56.3,1.5,seedling,0.397,no_action,0,7,30.0,0.0,,110,25,6.2,35,0.1,11,99
Tomato,23,34.4,68,17.6,6.44,36.6,8.1,109.4,1.3,seedling,0.57,no_action,1,3,30.0,17.0,,110,25,6.2,35,0.1,11,99
Potato,87,19.7,81,30.9,6.14,32.7,4.7,141.4,2.4,seedling,0.67,no_action,1,14,30.0,36.5,,90,18,5.5,20,0.1,9,81
Rice,49,37.0,58,46.6,6.66,14.1,16.0,66.6,0.1,seedling,0.957,fertilize,0,5,7.0,129.5,,150,28,6.0,50,0.1,15,135
Rice,43,29.5,74,7.4,5.89,17.2,35.4,157.0,3.7,vegetative,0.451,fertilize,1,5,7.0,114.0,21.0,150,28,6.0,50,0.35,52,98
Potato,25,22.8,84,58.1,5.6,51.4,17.8,96.3,1.1,seedling,0.826,no_action,1,3,30.0,0.0,,90,18,5.5,20,0.1,9,81
Maize,53,26.7,80,26.0,7.0,55.9,14.8,64.5,2.9,seedling,0.902,no_action,0,7,30.0,0.0,,120,26,6.8,30,0.1,12,108
Rice,30,30.3,85,33.1,7.0,25.7,18.2,139.9,0.3,vegetative,0.537,no_action,0,5,30.0,71.5,,150,28,6.0,50,0.35,52,98
Tomato,42,27.5,71,32.1,5.86,30.8,14.9,88.5,2.9,vegetative,0.6,no_action,1,5,30.0,46.0,,110,25,6.2,35,0.35,38,72
Tomato,86,30.2,61,57.1,7.22,13.7,6.9,130.4,2.9,mature,0.463,fertilize,1,14,7.0,131.5,,110,25,6.2,35,0.9,99,11
Wheat,38,21.5,36,12.1,5.99,51.1,23.2,88.3,2.5,flowering,0.613,no_action,1,5,30.0,0.0,,140,20,6.5,25,0.7,98,42
Rice,61,28.0,56,40.4,6.7,42.0,17.3,97.6,0.7,seedling,0.643,no_action,1,7,30.0,0.0,,150,28,6.0,50,0.1,15,135
Maize,27,18.5,47,55.8,7.16,64.9,15.2,119.7,2.3,seedling,0.769,no_action,0,3,30.0,0.0,,120,26,6.8,30,0.1,12,108
Potato,39,26.3,93,33.4,6.47,14.2,5.2,111.6,0.5,seedling,0.846,fertilize,0,5,7.0,129.0,,90,18,5.5,20,0.1,9,81
Potato,72,21.6,57,29.6,6.86,23.2,28.0,20.2,1.7,mature,0.515,no_action,0,7,30.0,84.0,,90,18,5.5,20,0.9,81,9
Maize,29,22.6,62,4.9,6.09,34.2,21.6,55.2,3.3,seedling,0.296,irrigate,0,2,30.0,29.0,21.0,120,26,6.8,30,0.1,12,108
Wheat,73,34.4,68,17.6,6.34,41.6,9.5,137.2,3.0,flowering,0.646,no_action,1,7,30.0,0.0,21.0,140,20,6.5,25,0.7,98,42
Potato,53,33.5,61,30.4,6.34,26.1,25.0,94.7,2.0,vegetative,0.703,no_action,1,7,30.0,69.5,,90,18,5.5,20,0.35,31,59
Rice,30,30.7,85,5.4,5.9,14.3,10.0,79.1,0.7,mature,0.695,fertilize,1,5,7.0,128.5,,150,28,6.0,50,0.9,135,15
Wheat,51,20.4,51,0.3,6.36,45.9,7.2,45.7,2.8,vegetative,0.591,no_action,0,7,30.0,0.0,,140,20,6.5,25,0.35,49,91
Rice,58,25.1,63,21.0,5.26,43.0,7.4,56.8,2.0,seedling,0.672,no_action,0,7,30.0,0.0,,150,28,6.0,50,0.1,15,135
Tomato,51,34.3,49,12.6,6.11,13.5,2.7,19.1,0.0,seedling,0.923,fertilize,0,7,7.0,132.5,,110,25,6.2,35,0.1,11,99
Wheat,12,27.9,40,12.6,6.27,54.4,19.7,95.9,3.0,seedling,0.719,no_action,0,3,30.0,0.0,21.0,140,20,6.5,25,0.1,14,126
Potato,27,40.9,51,40.4,6.3,51.1,3.3,76.1,2.0,flowering,0.583,no_action,0,3,30.0,0.0,,90,18,5.5,20,0.7,62,28
Wheat,36,29.4,59,14.5,6.31,32.4,2.7,61.3,3.6,flowering,0.56,pesticide,0,5,30.0,38.0,21.0,140,20,6.5,25,0.7,98,42
Wheat,39,28.2,54,40.0,6.45,31.4,5.8,97.3,0.6,mature,0.619,no_action,0,5,30.0,43.0,,140,20,6.5,25,0.9,126,14
Wheat,51,25.1,50,33.9,6.88,40.0,14.1,114.6,0.0,vegetative,0.945,no_action,0,7,30.0,0.0,,140,20,6.5,25,0.35,49,91
Wheat,43,27.8,39,31.8,7.2,14.5,13.5,183.7,2.4,seedling,0.617,fertilize,0,5,7.0,127.5,,140,20,6.5,25,0.1,14,126
Rice,16,26.1,59,0.3,5.98,30.5,11.7,39.5,2.4,seedling,0.646,irrigate,1,2,30.0,47.5,,150,28,6.0,50,0.1,15,135
Tomato,47,31.2,37,55.8,5.54,8.7,4.6,146.4,0.0,seedling,0.563,fertilize,1,5,3.0,156.5,,110,25,6.2,35,0.1,11,99
Maize,51,32.7,71,9.4,5.67,45.8,3.3,138.9,0.7,seedling,0.848,no_action,0,7,30.0,0.0,,120,26,6.8,30,0.1,12,108
Wheat,50,22.3,61,6.1,6.11,1.9,19.6,68.8,5.0,flowering,1.0,fertilize,1,7,3.0,190.5,14.0,140,20,6.5,25,0.7,98,42
Potato,59,19.0,38,33.9,6.22,57.1,9.5,108.1,1.6,vegetative,0.731,no_action,0,7,30.0,0.0,,90,18,5.5,20,0.35,31,59
Wheat,55,16.0,55,43.5,5.88,24.1,18.2,81.7,3.0,vegetative,0.665,no_action,1,7,30.0,79.5,21.0,140,20,6.5,25,0.35,49,91
Potato,48,30.0,49,12.5,5.46,26.2,6.1,107.4,1.2,mature,0.657,no_action,1,5,30.0,69.0,,90,18,5.5,20,0.9,81,9
Rice,39,20.4,65,2.1,6.14,18.7,16.8,160.4,0.0,flowering,0.221,no_action,0,5,30.0,106.5,,150,28,6.0,50,0.7,105,45
Potato,10,14.1,80,62.7,6.65,24.8,28.0,124.2,1.8,seedling,0.784,no_action,1,3,30.0,76.0,,90,18,5.5,20,0.1,9,81
Maize,48,29.3,32,72.2,6.98,55.5,20.9,120.3,1.7,vegetative,0.674,no_action,0,5,30.0,0.0,,120,26,6.8,30,0.35,42,78
Tomato,44,42.0,62,49.4,6.05,14.8,10.9,82.8,1.5,vegetative,0.727,fertilize,1,5,7.0,126.0,,110,25,6.2,35,0.35,38,72
Potato,45,27.0,58,22.6,6.17,53.0,17.6,40.6,1.9,flowering,0.522,no_action,0,5,30.0,0.0,,90,18,5.5,20,0.7,62,28
Potato,17,32.0,70,4.2,5.76,36.1,12.6,91.7,2.3,mature,0.581,irrigate,1,2,30.0,19.5,,90,18,5.5,20,0.9,81,9
Tomato,21,27.5,63,4.9,6.47,8.3,15.1,148.3,1.8,mature,0.576,irrigate,1,2,10.0,158.5,,110,25,6.2,35,0.9,99,11
Maize,59,26.4,49,35.7,5.82,10.6,11.7,38.9,0.4,seedling,0.834,fertilize,0,7,7.0,147.0,,120,26,6.8,30,0.1,12,108
Wheat,39,32.5,55,32.6,6.96,60.2,13.4,57.8,2.6,mature,0.582,no_action,0,5,30.0,0.0,,140,20,6.5,25,0.9,126,14
Potato,52,25.3,48,62.0,5.07,13.0,17.1,105.1,0.0,vegetative,1.0,fertilize,0,7,7.0,135.0,,90,18,5.5,20,0.35,31,59
Tomato,41,28.6,76,39.5,6.21,9.2,5.1,60.6,0.0,mature,0.728,fertilize,1,5,3.0,154.0,,110,25,6.2,35,0.9,99,11
Rice,41,28.9,60,25.1,6.74,50.5,4.8,68.3,3.0,seedling,0.42,no_action,1,5,30.0,0.0,21.0,150,28,6.0,50,0.1,15,135
Tomato,57,23.0,89,51.6,6.65,36.1,1.1,83.1,2.7,vegetative,0.627,no_action,1,7,30.0,19.5,,110,25,6.2,35,0.35,38,72
Rice,31,33.0,59,9.9,8.65,13.1,1.0,45.4,1.9,mature,0.533,fertilize,1,5,7.0,134.5,,150,28,6.0,50,0.9,135,15
Maize,42,26.0,49,8.5,6.78,33.9,2.8,61.0,0.2,mature,0.255,no_action,0,5,30.0,30.5,,120,26,6.8,30,0.9,108,12
Wheat,32,22.5,37,27.5,5.7,11.5,16.6,128.1,1.1,flowering,0.938,fertilize,1,5,7.0,142.5,,140,20,6.5,25,0.7,98,42
Tomato,32,30.2,33,79.9,6.42,49.8,6.1,47.7,1.7,seedling,0.777,no_action,0,5,30.0,0.0,,110,25,6.2,35,0.1,11,99
Potato,34,21.6,36,113.3,5.08,49.1,20.1,36.1,0.0,mature,0.746,no_action,0,5,30.0,0.0,,90,18,5.5,20,0.9,81,9
Maize,44,27.2,64,38.2,6.44,39.6,15.3,74.8,1.0,flowering,0.68,no_action,0,5,30.0,10.0,,120,26,6.8,30,0.7,84,36
Tomato,31,26.9,68,14.5,5.83,36.5,4.7,129.3,2.8,vegetative,0.401,no_action,1,5,30.0,17.5,,110,25,6.2,35,0.35,38,72
Potato,63,33.5,36,36.0,7.23,61.7,21.5,92.1,3.9,flowering,0.563,pesticide,1,7,30.0,0.0,21.0,90,18,5.5,20,0.7,62,28
Tomato,24,29.8,73,46.6,6.06,30.0,23.1,81.4,1.5,flowering,0.802,no_action,0,3,30.0,50.0,,110,25,6.2,35,0.7,77,33
Rice,37,26.8,53,10.4,6.41,8.7,5.1,101.8,3.0,mature,0.461,fertilize,0,5,3.0,156.5,21.0,150,28,6.0,50,0.9,135,15
Tomato,32,31.9,62,73.9,5.99,38.1,19.2,30.2,0.0,mature,0.194,no_action,0,5,30.0,10.0,,110,25,6.2,35,0.9,99,11
Tomato,66,35.3,84,26.9,7.89,67.5,6.4,119.8,2.9,mature,0.609,no_action,1,7,30.0,0.0,,110,25,6.2,35,0.9,99,11
Tomato,44,30.3,73,34.9,6.24,11.7,16.0,115.3,1.0,flowering,0.624,fertilize,0,5,7.0,141.5,,110,25,6.2,35,0.7,77,33
